Associació de Comerciants;AssociacioVeinal;Títol;Propietari;Telèfon;Correu electrònic;Pàgina web;Enllaç 360º;Facebook;Twitter;Altra xarxa;Google Maps;Tienda Online
;AVV Universitat-Zona Alta;Abacus Cooperativa;;;;http://online.abacus.coop/ca/;;http://www.facebook.com/Abacus.Coop;https://twitter.com/AbacusCoop;http://www.youtube.com/user/Abacuscooperativa;;http://online.abacus.coop/ca/
;AVV Escorxador-Templers;Acadèmia Manager;;973 27 06 89;manager@lamanager.es;http://www.lamanager.es/;;;;;;
;AVV Escorxador-Templers;Acliod;Carles;973 281 438;;http://www.acliod.com/;;;;;;
;;Agustí Mestre;;973 20 10 00;;http://www.agustimestre.com/;;https://www.facebook.com/AgustiMestreLleida;;;;
;;Autoescola Anaya La Seu;;973 24 16 48;info@anayalaseu.com;http://anayalaseu.com/;;https://www.facebook.com/anayalaseu;https://twitter.com/anayalaseu;;;
;AVV Clot de les Granotes;Autoescola Gilabert;;973 72 58 58;info@autoescolagilabert.cat;http://www.autoescolagilabert.cat/;;https://www.facebook.com/pages/AUTOESCOLA-GILABERT/106770936021483?fref=ts;;;;
;AVV Escorxador-Templers;Autoescola Ilerda I;; 973 268 448 - 666 544 766 ;mailto:info@autoescolailerda.cat;http://www.autoescolailerda.cat/;;https://www.facebook.com/autoescola.ilerda;;;;
;AVV Magisteri Zona Alta;Autoescola La Seu 3;;973 244 845 - 973 245 740 ;laseu3@laseu3.com;http://www.centro-formacion-transporte.com/;;;;https://plus.google.com/110102254688710483655/about?hl=en;;
;AVV Universitat-Zona Alta;Autoescola Paris;;973 269 438 // Whatsapp: 644 499 294;info@autoescolaparis.com;http://www.autoescolaparis.com/;;https://www.facebook.com/autoescola.paris;https://twitter.com/aeparis;;;
;;Autoescola Segrià;;973 222 417;autoescolasegria@gmail.com;http://www.aesegria.com/;;https://www.facebook.com/autoescolasegria;;;;
;;Bon Area;;;;http://www.bonarea.com/html;;;;;https://www.google.es/maps/search/bon+area/@41.6171235,0.6160005,16z/data=!3m1!4b1;https://www.bonarea.com/html/ca/shop/shopping
;AVV Cappont;Bon Blat - Trinitaris;;973 202 761;lidiajmb@hotmail.com;;;https://www.facebook.com/pages/Forn-de-pa-Bon-Blat/428761227236649;;;;
;AVV Noguerola;Boutique Linia;;"Margall: 973 23 16 89; Ronda:  973 24 65 09";;http://www.boutiquelinia.com/;;;;;;
;AVV Pardinyes;Caprabo - Baró de Maials;;902 116 060;;http://www.caprabo.com;;https://www.facebook.com/Caprabo;https://twitter.com/caprabo;https://www.youtube.com/user/Caprabo50;;http://www.caprabo.com/es/capraboacasa/
;AVV Bordeta;Caprabo - La Bordeta;;902 116 060;;http://www.caprabo.com;;https://www.facebook.com/Caprabo;https://twitter.com/caprabo;https://www.youtube.com/user/Caprabo50;;http://www.caprabo.com/es/capraboacasa/
;AVV Camp d'Esports;Caprabo - Onze Setembre;;902 116 060;;http://www.caprabo.com;;https://www.facebook.com/Caprabo;https://twitter.com/caprabo;https://www.youtube.com/user/Caprabo50;;http://www.caprabo.com/es/capraboacasa/
;AVV Magisteri Zona Alta;Caprabo - Rovira Roure;;902 116 060;;http://www.caprabo.com/es/home/;;https://www.facebook.com/Caprabo;https://twitter.com/caprabo;https://www.youtube.com/user/Caprabo50;;http://www.caprabo.com/es/capraboacasa/
;AVV Avinguda del Segre;Carnisseria Maria Begué (Noguerola);;973 24 67 15;info@mariabegue.com;http://www.mariabegue.com/;;;;;;
;AVV Clot de les Granotes;Carnisseria Maria Begué (P. Viana);;973 23 42 35;info@mariabegue.com;http://www.mariabegue.com/;;;;;;
;AVV Clot de les Granotes;Centre d'Estètica Rame;;973 23 66 33;;www.esteticarame.com;;https://www.facebook.com/pages/Centre-dEst%C3%A8tica-Rame/447922388598173;;;;
;AVV Escorxador-Templers;Centre Estètica Mima't;;690 03 02 18;mimatstetica@gmail.com;;;https://www.facebook.com/mimatlleida;;;;
;AVV Balàfia;Centronet tintoreries;;973 725 836 // 902 202 802;direccion@centronet.es;http://centronet.es/;;https://www.facebook.com/centronet.tintorerias;https://twitter.com/tintorerias;http://blog.centronet.es/;;
;AVV Universitat-Zona Alta;Copisteria L'Original;;973 272 806;info@copisteriaoriginal.net;http://www.copisteriaoriginal.net/;;;;;;
;AVV Blocs Joan Carles;Dishari Yoga;;;info@dishariyoga.com;http://www.dishariyoga.com/;;;;;;
;AVV Clot de les Granotes;Electel Rodriguez S.L.;José Rodriguez;973 268 975;info@electel.es;http://www.electel.es/;;;;;;
;AVV Clot de les Granotes;Eloy Cases Perruquers;;973 23 63 96;;http://www.eloycases.com/;;https://www.facebook.com/eloycasesperruquers;;;;
;AVV Noguerola;Esports Pifarre;;973 232 261;info@esportspifarre.es;http://www.esportspifarre.es/?;;https://www.facebook.com/esportspifarrelleida;https://twitter.com/EsportsPifarre; http://www.youtube.com/user/esportspifarre;;
;AVV Cappont;Esther Grup;;973 20 48 18 // fax: 973 20 48 05;info@esthergrup.com;http://www.esthergrup.com/;;;;;;
;AVV Escorxador-Templers;Fotografia Gomez Vidal;;973 26 75 62;;http://www.fotografiagomezvidal.net/;;https://www.facebook.com/FotografiaGomezVidal;;;;
;AVV Clot de les Granotes;Genaro Massot - Shoot Photo Factory;;973 83 17 09;info@genaromassot.com;http://www.genaromassot.com/;;https://www.facebook.com/genaro.massot;https://twitter.com/genaromassot;;;
;AVV Magisteri Zona Alta;La Festa;;;;;;https://www.facebook.com/lafesta.lleida;;;;
;AVV Clot de les Granotes;La Sirena (A. Porqueres);;973 22 95 58;sac@lasirena.es;http://www.lasirena.es/;;http://www.facebook.com/LaSirena;http://twitter.com/lasirena;http://www.youtube.com/laSirenaEs;;
;AVV Pardinyes;La Sirena (B. Maials);;973 25 40 39;sac@lasirena.es;http://www.lasirena.es/;;http://www.facebook.com/LaSirena;http://twitter.com/lasirena;http://www.youtube.com/laSirenaEs;;
;AVV Blocs Joan Carles;La Sirena (J. Bola);;973 28 00 73;sac@lasirena.es;http://www.lasirena.es/;;http://www.facebook.com/LaSirena;http://twitter.com/lasirena;http://www.youtube.com/laSirenaEs;;
;AVV Cappont;La Sirena (Jaume II);;973 21 30 25;sac@lasirena.es;http://www.lasirena.es/;;http://www.facebook.com/LaSirena;http://twitter.com/lasirena;http://www.youtube.com/laSirenaEs;;
;;La Sirena (R. Roure);;973 15 75 03;sac@lasirena.es;http://www.lasirena.es/;;http://www.facebook.com/LaSirena;http://twitter.com/lasirena;http://www.youtube.com/laSirenaEs;;
;AVV Blocs Joan Carles;L'Aquari - la teva botiga d'aquariofilia;;973 275 484;info@laquari.com;http://www.laquari.com/;;https://www.facebook.com/Laquari;;;;http://www.laquari.com/catalog/default.php
;AVV Clot de les Granotes;Marta Farran;;973 244 299;;http://www.martafarran.com/;;;;;;
;AVV Camp d'Esports;Medusateam;;973 262 097;info@medusateam.com;http://www.medusateam.com/;;http://www.facebook.com/medusateam;;;;
;;Mercadona;;;;https://www.mercadona.es/ns/index.php;;;;;https://www.google.es/maps/search/mercadona/@41.613035,0.636695,15z/data=!3m1!4b1;https://www.mercadona.es/ns/entrada.php?js=1
;AVV Pius XII-Germanor;Microlleida;;973 28 25 70;microlleida@microlleida.com;;;https://www.facebook.com/microlleida;https://twitter.com/microlleida;https://plus.google.com/117928708071676562504/photos;;
;;Misako;;;;http://www.misako.com/;;;;;https://www.google.es/maps/place/Misako/@41.615382,0.626963,6z/data=!4m2!3m1!1s0x0:0x2c7650b2a133f450?sa=X&ei=GfE4Vc76NaiP7Aa_hYGYBg&sqi=2&ved=0CIYBEPwSMAs;http://www.misako.com/
;;Ms Mode;;;;https://www.msmode.es/;;;;;https://www.google.es/maps/place/MS+Mode+Lleida/@41.603376,0.642399,6z/data=!4m2!3m1!1s0x0:0xc3e0341e113370cb?sa=X&ei=uv04VbOOGq6t7AbX-ICgAw&ved=0CIgBEPwSMA0;https://www.msmode.es/
;AVV Universitat-Zona Alta;New Image Estètica;;973 26 66 27;new.image.35@facebook.com;;;https://www.facebook.com/new.image.35;;;;
;AVV Clot de les Granotes;Original Tattoo;;;info@originaltattoo.es;http://www.originaltattoo.es/cat/;;https://www.facebook.com/Josu.Original.Tattoo;;;;
;AVV Clot de les Granotes;Ortopèdia Rubio (Sant Hilari);;973 248 091;;http://www.ortopediarubio.com/;;;;;;
;AVV Clot de les Granotes;Pastisseria Pons;;973 23 28 38;info@pastisseriapons.com;http://www.pastisseriapons.cat/;;https://www.facebook.com/pastisseriapons.pastisseriapons;https://twitter.com/PASTISSERIAPONS;;;
;AVV Comerciants del Centre Històric;Pastisseria Sendra;;973 271 994;info@pastisseriasendra.com;http://www.pastisseriasendra.com/;;;;;;
;AVV Blocs Joan Carles;Perfumeria If;;;;http://www.perfumeriasif.com/;;;;;;http://www.perfumeriasif.com/
;AVV Noguerola;Perruqueria Antonieta;Antonieta Garcia Pulido;973 241 116;perruqueria.antonieta@gmail.com;;http://www.lleida360.com/2013/03/perruqueria-antonieta.html;https://www.facebook.com/PerruqueriaAntonieta;;;;
;AVV Cappont;Perruqueria Eli Oró;;973 21 18 36;;;;https://www.facebook.com/eli.oropalau;;;;
;AVV Cappont;Pintures Lab-Perat;;973 200 026;labperat@gmail.com;http://www.grupperatpintors.com/;;https://www.facebook.com/pinturesperat;https://twitter.com/LABPERAT;;;
;AVV Balàfia;Pometa Gràfica;;;info@portalpometa.com;http://www.pometagrafica.com/;;https://www.facebook.com/PortalPometa;https://twitter.com/portalpometa;http://vimeo.com/portalpometa;;
;AVV Clot de les Granotes;Quadrant Produccions / Quadrant Records;;973 222 027;info@quadrantcorner.com;http://www.quadrantcorner.com/;;https://www.facebook.com/quadrantrecords;https://twitter.com/quadrantrecords;;;
;AVV Clot de les Granotes;Rosa Torrent Estètica;;973 22 22 00 // 973 26 58 58;info@rosatorrent.com;http://rosatorrent.com/;;https://www.facebook.com/rosatorrent.estetic;;;;
;AVV Cappont;Santiveri Joiers Lleida;;973 20 16 95;;;;https://es-es.facebook.com/pages/Santiveri-Joiers-Lleida/324068754388875;https://twitter.com/SantiveriJoiers;;https://www.google.es/maps/place/Santiveri+Joiers+SL/@41.611389,0.630139,15z/data=!4m2!3m1!1s0x0:0x813974783d6fa053;
;;SEMIC;;902 109 120;semic@semic.es;http://www.semic.es/;;;;;;
;AVV Universitat-Zona Alta;Sericard;;973 797 512;comercial@tecnego.com;http://suministrosparaeventos.com/;;https://www.facebook.com/Tecnegocom-21-SL-319206131525637/timeline/;;;;
;AVV Mariola;SolarCheck Lleida;;973 288 176;;http://www.solarchecklleida.com/;;https://www.facebook.com/solarchecklleida;https://twitter.com/Protecciosolar;;;
;AVV Noguerola;Somriu Clínica Dental;;973 09 09 09;clinicasomriu@gmail.com;http://www.clinicadentalsomriu.com/;;https://www.facebook.com/clinica.dentalsomriu?fref=ts;;;;
;AVV Clot de les Granotes;Teacolors La botiga del cafè & te;;973 23 88 80;info@teacolors.es;http://www.teacolors.es/;;https://www.facebook.com/pages/Tea-colors/110734688937288;;;;http://www.teacolors.es/
;;Tempora;;973 24 06 42;tempora@temporagourmet.com;http://www.temporagourmet.com/;;https://www.facebook.com/tempora.lleida?fref=ts;;;;
;;Textura Interiors;;;;http://www.textura-interiors.com/;;;;;https://www.google.es/maps/place/Textura+Interiors/@41.612102,0.619968,6z/data=!4m2!3m1!1s0x0:0xe388f15d42c66fd8?sa=X&ei=8_g4VYCvOqTj7QaphoHQAw&sqi=2&ved=0CH8Q_BIwDQ;http://www.textura-interiors.com/
;;The Body Shop;;;;http://www.thebodyshop.es/;;;;;;http://www.thebodyshop.es/
;;Torrelsa;;973 23 67 75;torrelsa@torrelsa.com;http://www.torrelsa.com/;;;;;;
;AVV Balàfia;Totmampara;;973 72 56 70;totmampara@totmampara.com;http://www.totmampara.com/;;https://www.facebook.com/pages/Totmampara-SCP/196583487026297;;;;
;AVV Universitat-Zona Alta;Vicente Candela – Torroneria;;649 495 038;info@turronesvicentecandela.com;http://www.turronesvicentecandela.com/;;https://www.facebook.com/vicente.candelabarcelo;;https://www.youtube.com/user/torroner1;;http://www.turronesvicentecandela.com/
Balàfia;AVV Balàfia;Acustielec audio/imatge;;973 233 172;acustielec@acustielec.com;http://www.acustielec.com/;;;;;;
Balàfia;AVV Balàfia;Adbrands Assessoria Gràfica;;973 229 130;ad@adbrands.es;;;https://www.facebook.com/adbrands.lleida;;;;
Balàfia;AVV Balàfia;Bucoestètic;;973 23 06 33;;http://www.bucoestetic.com/;;https://www.facebook.com/bucoestetic.clinica;;;;
Balàfia;AVV Balàfia;Caixa Penedès - Porqueres;;973 225 900;info@bancsabadell.com;https://www.bancsabadell.com/cs/Satellite/SabAtl/Oficinas/1191332199103/es/;;https://www.facebook.com/bancosabadell;https://twitter.com/bancosabadell;http://blog.bancosabadell.com/;;
Balàfia;AVV Balàfia;Compsa Online;;973 833 733;info@compsaonline.com;http://www.compsaonline.com/;;https://www.facebook.com/compsaonline;https://twitter.com/compsaonline;https://plus.google.com/117570353591163512667/posts;;
Balàfia;AVV Balàfia;Confer Cuines Lleida;;973269466 // fax: 97323903;info@confercuineslleida.com;http://www.confercuineslleida.com;;;;;;
Balàfia;AVV Balàfia;Cortines Sant Jordi;;973 249 950;info@cortinesSantJordi.com;http://www.cortinessantjordi.com/;;https://www.facebook.com/cortines.jordi;https://twitter.com/csantjordi;;;
Balàfia;AVV Balàfia;Ecolider;;973 242 711;ecoliderlleida@gmail.com;http://www.ecolider.com/;;;;;;
Balàfia;AVV Balàfia;El Cuc;;973 841 484;elnoucuc@hotmail.es;;;https://www.facebook.com/elnoucuc.lleida;;;;
Balàfia;AVV Balàfia;EME's Perruquers;;973 23 23 20;emesperruquers@hotmail.es;http://www.emesperruquers.cat/;;;;;;
Balàfia;AVV Balàfia;Enriqueta Olives Cortines;;;cortines@eolivescortines.cat;http://www.eolivescortines.cat/;;;;;;
Balàfia;AVV Balàfia;Establiment de prova;la Mariajo;973 000 111;111@paeria.es;;;;;;;
Balàfia;AVV Balàfia;Eurotoldo;;973 228 273;eurotoldo@eurotoldo.net;http://eurotoldo.net/;;;;;;
Balàfia;AVV Balàfia;Farmàcies Isanta;;973 233 359 // 973 280 520;"farmacia@farmaciaisantacrusellas.com ; laboratori@farmaciagarciaisanta.com";http://www.farmacias-isanta-lleida.com/;;https://www.facebook.com/FarmaciesIsanta;https://twitter.com/FarmaciesIsanta;;;
Balàfia;AVV Balàfia;Fast Engine;;973 22 83 43;;http://http://www.fastengine.es/;;https://www.facebook.com/fast.engine;https://twitter.com/Fast_Engine;;;
Balàfia;AVV Balàfia;Ferreteria Albert Soler;;973 24 25 58;ferreteria@albertsoler.com;http://www.albertsoler.com/;;https://www.facebook.com/pages/Albert-Soler/352197168167540;https://twitter.com/FAlbertSolerSA;https://plus.google.com/u/0/117139138920199159376/posts;;
Balàfia;AVV Balàfia;Foto Index;;973 231 079;correofotoindex@gmail.com;http://www.fotoindex.es/index.php/ca/;;https://www.facebook.com/fotoindex.fotoindex;;;;
Balàfia;AVV Balàfia;Fruites i Verdures Rufac;;973 24 36 55;info@fruitesiverduresrufach.cat;http://www.fruitesiverduresrufach.cat/;;https://www.facebook.com/pages/Fruites-i-Verdures-Rufach/181669875191927;;;;
Balàfia;AVV Balàfia;General d'estudis - Corregidor Escofet;;973 98 40 30;balafia@generalestudis.com;http://www.generalestudis.com/;;https://www.facebook.com/pages/General-dEstudis-Lleida/136783326398949;https://twitter.com/GeneralEstudis;http://www.linkedin.com/company/general-d%27estudis?trk=hb_tab_compy_id_2419859;;
Balàfia;AVV Balàfia;HousePlant Grow Shop;;973 844 632;info@houseplant.net;http://www.houseplant.net/;;https://www.facebook.com/houseplant.growshop;https://twitter.com/houseplantgrow;;;
Balàfia;AVV Balàfia;Ideal Espectacles;;630 054 655;info@idealespectacles.com;http://idealespectacles.com/;;;;;;
Balàfia;AVV Balàfia;Ilergestió Pime;;973 23 01 22;ilergestio@ilergestio.es;http://ilergestio.es/;;;;;;
Balàfia;AVV Balàfia;Informàtica Lleidatana;;973 236 752;;http://www.infolleida.es/;;;;;;
Balàfia;AVV Balàfia;Jorfe Instal·lacions;;973 249 706;info@jorfe.es;http://www.jorfe.es/;;https://www.facebook.com/pages/Jorfe/218562168160097;https://twitter.com/JorfeEnergia;http://www.linkedin.com/company/jorfe;;
Balàfia;AVV Balàfia;Kids and Us;; 973 044 310 // 677 584 371;lleida@kidsandus.cat;http://www.kidsandus.cat/;;https://www.facebook.com/KidsandUsschoolofenglish;;;;
Balàfia;AVV Balàfia;La Perfumeria - Porqueres;;973 241 678;info@perfumeriainternacional.es;http://www.perfumeriainternacional.com/;;https://www.facebook.com/Laperfumerialleida ;;;;
Balàfia;AVV Balàfia;Magatzem del Perruquer - Sabadell;;973 23 01 07;"central@magatzemdelperruquer.com ; botiga@magatzemdelperruquer.com";http://www.magatzemdelperruquer.com/;;https://www.facebook.com/pages/MAGATZEM-DEL-PERRUQUER/141080852664470;;;;
Balàfia;AVV Balàfia;Òptica Balàfia;;973 22 34 46;info@opticabalafia.com;http://www.opticabalafia.com/;;https://www.facebook.com/opticabalafia;;https://plus.google.com/114853222741390162720/about?gl=es&hl=ca;;
Balàfia;AVV Balàfia;Plus Fresc - Plaça Europa;;973 22 86 15;plusfresc@plusfresc.es;http://www.plusfresc.es/;;;https://twitter.com/Plusfresc;;;
Balàfia;AVV Balàfia;Plusfresc - Nova Balàfia;;973 22 85 08;plusfresc@plusfresc.es;http://www.plusfresc.es;;;https://twitter.com/Plusfresc;;;
Balàfia;AVV Balàfia;Sabateria Xavier;;973 233 097;carballalscp@terra.es;http://www.sabateriaxavier.com/;;https://www.facebook.com/SabateriaXavier?fref=ts;;;;
Balàfia;AVV Balàfia;Seguros AXA - Rucoll Assessors;;973 224 445;rucoll@agencia.axa-seguros.es;http://www.axa.es/;;https://www.facebook.com/AXA.ES;https://twitter.com/AXASegurosEs;http://www.youtube.com/user/AXASEGUROSES;;
Balàfia;AVV Balàfia;Serman Port;;973 22 08 57;;http://sermanport.com/;;;;;;
Balàfia;AVV Balàfia;Sis Sis;;973240687;;http://www.sisislleida.com;;;;;;
Balàfia;AVV Balàfia;The Singular Kitchen;;973 24 82 04;info@thesingularkitchen.com;http://www.thesingularkitchen.com/;;https://www.facebook.com/TheSingularKitchen;https://twitter.com/SINGULARKITCHEN;https://plus.google.com/+TheSingularKitchen/posts;;
Cappont;AVV Cappont;AID Grup;;973 049 400 ;info@aid.cat;http://www.aid.cat/;;https://www.facebook.com/aidgruplleida;;;;
Cappont;AVV Cappont;Aluminios Santiago;;973 200 446;info@aluminiossantiago.com;http://www.aluminiossantiago.com/;;;;;;
Cappont;AVV Cappont;Armeria Garriga;;973 20 42 22;info@armeriagarriga.com;http://www.armeriagarriga.com/;;https://www.facebook.com/pages/ARMERIA-GARRIGA-SL/119971041410880;https://twitter.com/Armeriagarriga;;;
Cappont;AVV Cappont;Autoescola Cappont;;973 21 69 15;cfcappontlleida@gmail.com;http://autoescuelacappont.multiespaciosweb.com/;;https://www.facebook.com/autoescola.cappont?fref=ts;;;;
Cappont;AVV Cappont;Autoescola Rex;;973 203 515;rex@autoescolarex.com;http://autoescolarex.com/wordpress/;;https://www.facebook.com/autoescola.rex;https://twitter.com/AUTOESCOLAREX;;;
Cappont;AVV Cappont;Badia Solucions d'interiors;;973 20 03 74;info@badiainteriors.com;http://www.badiainteriors.com;;https://www.facebook.com/pages/Badia-solucions-dinteriors/581719131854386;;;;
Cappont;AVV Cappont;Banc Popular - Castells;;973 204 300;00750914@bancopopular.es;http://www.bancopopular.es/;;https://www.facebook.com/grupobancopopular;https://twitter.com/GrupoBPopular;http://www.linkedin.com/company/706505;;
Cappont;AVV Cappont;Banc Santander - Estudi General;;973 20 04 33;comunicacion@gruposantander.com;http://www.bancosantander.es;;https://www.facebook.com/bancosantander;https://twitter.com/santander_es;http://www.youtube.com/bancosantander;;
Cappont;AVV Cappont;BonÀrea - AV València;;973 205 319;atencio.client@bonarea.com;http://www.bonarea.com/;;https://www.facebook.com/guissonabonarea;;;;
Cappont;AVV Cappont;Cansaladeries Carner - València;;973 205 073;info@carner.cat;http://carner.cat/ca/;;https://www.facebook.com/cansaladeriescarner;;;;
Cappont;AVV Cappont;Cappont motors;;973 212 344;info@cappontmotors.com;http://www.cappontmotors.com/;;;;;;
Cappont;AVV Cappont;Centre de Quiromassatge J. Velarde;;973 20 41 08;;;;https://www.facebook.com/pages/Centre-de-Quiromassatge-J-Velarde/372139932855896;;;;
Cappont;AVV Cappont;Centre Hara;;973 20 67 23;fisio@centrehara.com;http://www.centrehara.com/;;https://www.facebook.com/centre.hara?fref=ts;;;;
Cappont;AVV Cappont;Centre Kine - Teràpies Globals;;973 23 37 03;info@centrekine.com;http://www.centrekine.com/;;https://www.facebook.com/centrekine;;http://www.youtube.com/watch?v=jadZ0MhodBE;;
Cappont;AVV Cappont;Centre Veterinari Riu Ebre;;973 216 549;cvriuebrelleida@hotmail.com;;;https://www.facebook.com/centreveterinari.riuebre;;;;
Cappont;AVV Cappont;CHRIS SAN-2 VEPRODIMA;;973 202 993;veprodima@telefonica.net;http://www.turopadetrabajo.com/;;https://www.facebook.com/turopadetrabajo;https://twitter.com/turopadetrabajo;https://plus.google.com/108926713778872240563/about;;
Cappont;AVV Cappont;Citroën - Santesmases;;973 21 20 20;santesmases@santesmases.redcitroen.com;http://redoficial.citroen.es/lerida-garatgesport2;;https://www.facebook.com/citroen.es;https://twitter.com/CitroenEspana;http://www.youtube.com/user/CitroenEspana;;
Cappont;AVV Cappont;CompraChollo;;973 210 781;info@comprachollo.com;http://www.comprachollo.com/;;;;;;
Cappont;AVV Cappont;Cons-Anfero Construccions;;973 205 685;consanfero@consanfero.com;http://www.consanfero.com/;;;;;;
Cappont;AVV Cappont;Copisteria Copilleida;;973 21 60 42;copilleida@hotmail.com;;;https://www.facebook.com/pages/Copister%C3%ADa-Copilleida/576540085748664;;;;
Cappont;AVV Cappont;D'Clinic Ferrón Alonso;;973 20 84 84;administracio@declinic.com;http://www.declinic.com/;;;;;;
Cappont;AVV Cappont;Equip Sostre;;973 21 62 33 // fax: 973 21 62 33;equipsostre@equipsostre.com;http://www.equipsostre.com/;;;;;;
Cappont;AVV Cappont;Farmàcia Baquero;;973 21 18 55;farmaciabaquero@hotmail.com;http://www.farmaciabaquero.com/;;https://www.facebook.com/farmaciabaquerolleida?ref=stream;;;;
Cappont;AVV Cappont;Federoptics - Xavier Vivas;;973 21 64 42;xavier@federopticsxaviervivas.cat;http://www.federopticsxaviervivas.cat/;;;;https://plus.google.com/101816809574826147598/about?rfmt=s&hl=ca&gl=es;;
Cappont;AVV Cappont;Flaires i Flors - Garrigues;;973 20 54 00 // 973 225 182 (botiga corbins);info@flairesiflors.com;http://www.flairesiflors.com/;;https://www.facebook.com/pages/Flaires-i-Flors/224986094315531;;https://plus.google.com/110295009754259549539/about?gl=es&hl=ca;;
Cappont;AVV Cappont;Floristeria Garba - Valencia;;973 20 19 13;av_valenciatienda@floristeriasgarba.es;http://www.floristeriasgarba.es/;;https://www.facebook.com/pages/floristeria-garba/102287556485119;;;;
Cappont;AVV Cappont;FOINTEC;;902 99 64 27;formacio@fointec.com;http://www.fointec.com/;;https://www.facebook.com/fointec;https://twitter.com/fointec_forma;;;
Cappont;AVV Cappont;Foto Llorens - Castells;;973 203 360;estudi@fotollorens.com;http://www.fotollorens.com/;;https://www.facebook.com/pages/Foto-Llorens-SL/403498749720764?fref=ts;;;;
Cappont;AVV Cappont;Gabinet Clínic Dental;;973 20 55 40;;http://www.gabinetclinicdental.com/;;https://www.facebook.com/pages/Gabinet-Cl%C3%ADnic-Dental/1383564568524673;;;;
Cappont;AVV Cappont;GPC Consultors Tecnològics;;973 20 83 84;info@pgcsistemas.com;http://www.gpcsistemas.com/;;;;;;
Cappont;AVV Cappont;IMO Grup;;973 203 507 // 973 201 222;IMOGRUP.LLEIDA@GMAIL.COM;http://imogrup.es/;;https://www.facebook.com/pages/IMO-GRUP/110379978975136;;;;
Cappont;AVV Cappont;Infopid;;;;http://www.infopid.com/;;;;;;
Cappont;;Innovació - OUTLET;;973 21 37 10;innovacio@innovacio.com;http://www.innovacio.com/;;https://www.facebook.com/pages/INNOVACI%C3%93/145627758109;;;;
Cappont;AVV Cappont;Intercasa;;973 20 50 12;intercasa-lleida@hotmail.com;http://intercasalleida.com/;;https://www.facebook.com/intercasa.decoracio;;;;
Cappont;AVV Cappont;Joieria Miranda;;973 203 558;;;;https://www.facebook.com/JoieriaIRellotgeriaMiranda;;;;
Cappont;AVV Cappont;La Caixa - Garrigues;;973 787 450;;http://portal.lacaixa.es/;;https://www.facebook.com/lacaixa;https://twitter.com/infoCaixa;https://plus.google.com/+lacaixa/posts;;
Cappont;AVV Cappont;La Primavera - Avda. Garrigues;;973 208 253;laprimavera@laprimavera.es;http://www.laprimavera.es/;;https://www.facebook.com/laprimaveraperfumeries;;http://www.youtube.com/user/primaveraperfumeries;;
Cappont;AVV Cappont;Llar d'Infants Blanquerna;;973 201 429;llarblanquerna@gmail.com;http://www.llardeinfantsblanquerna.es/;;;;;;
Cappont;AVV Cappont;Lluis Jou;;973 21 26 72;lluis@lluisjoufotograf.com;http://www.lluisjoufotograf.com/Inicio.html;;https://www.facebook.com/lluis.jouserra?fref=ts;;;;
Cappont;AVV Cappont;L'Òptica Universitària;;973 208 319;opticauniversitaria@opticauniversitaria.es;http://www.opticauniversitaria.es/;;https://www.facebook.com/opticauniversitaria;https://twitter.com/OpticaUni;;;
Cappont;AVV Cappont;Mapfre - Riu Ebre;MIGUEL PUJANTELL OTERO;973 211 054  //  fax: 973 216 228;;http://www.mapfre.com/;;https://www.facebook.com/RedOficinasMAPFRE;;https://plus.google.com/106913458234043437260/posts;;
Cappont;;Matalasseria Ponent - Cappont;;973 21 67 82;;;;https://www.facebook.com/matalasseriaponent.cappont;;https://plus.google.com/103308610425969391039/about?gl=es&hl=ca;;
Cappont;AVV Cappont;Medea Business Solutions;;973 590 703;cmarin@medeasolutions.es;;;https://es-es.facebook.com/medeasolutions;https://twitter.com/MedeaBusiness;https://www.linkedin.com/company/medea-business-solutions?trk=vsrp_companies_res_name&trkInfo=VSRPsearchId%3A2445330541439989598516%2CVSRPtargetId%3A2457995%2CVSRPcmpt%3Aprimary;https://plus.google.com/106774701984420840095/posts;
Cappont;;Merceria Esther;;973 208 569;esther@merceriaesther.com;;;;;https://plus.google.com/102352600906118630831/about?gl=es&hl=ca;;
Cappont;AVV Cappont;Michelin - Europea de Neumáticos;;973 201 480 - 973 212 296;info@europeadeneumaticos.es;http://www.europeadeneumaticos.es/;;;;;;
Cappont;AVV Cappont;Moto 2;;973 225 138;moto2@moto2.cat;http://www.moto2.cat/;;;;;;
Cappont;AVV Cappont;Multiservei Camison;;973 20 65 74 // fax: 973 21 10 91;multiservei@camison.com;http://camison.com/;;;;;;
Cappont;AVV Cappont;Nous Temps Perruquers;;973 21 09 76;;;;https://www.facebook.com/NousTemps;;;;
Cappont;AVV Cappont;Novell Equipaments;;973 20 25 48;novell@novellweb.com;http://www.novellweb.com/;;https://www.facebook.com/pages/Novell-equipament/152369551459443;;;;
Cappont;AVV Cappont;Nutricor;;973 21 25 20 // fax: 973 21 10 11;nutricor@nutricor.es;http://www.nutricor.es/;;https://www.facebook.com/pages/Nutricor/144273609518;;;;
Cappont;AVV Cappont;PCBOX;;973 21 29 10;clientes45@pcbox.es;http://www.pcbox.com/;;https://www.facebook.com/ClubPCBox;https://twitter.com/PC_Box;https://www.youtube.com/ClubPCBox;;
Cappont;AVV Cappont;Perruqueria Beatriu;;973 843 640;;http://perruqueriabeatriu.com/;;https://www.facebook.com/perruqueria.beatriu;;https://plus.google.com/101395617721790559833/about?hl=ca&gl=es;;
Cappont;AVV Cappont;Perruqueria Salomé;;973 203 220;info@peluqueriasalome.es;http://www.peluqueriasalome.es/;;;;;;
Cappont;AVV Cappont;Pintures Cervantes;;973 205 547;info@pinturescervantes.com;http://www.pinturescervantes.com/;;;;;;
Cappont;AVV Cappont;Plus Fresc - Cappont;;973 21 17 98;plusfresc@plusfresc.es;http://www.plusfresc.es/;;;https://twitter.com/Plusfresc;;;
Cappont;AVV Cappont;Plus Fresc - Ciutat Campus;;973 21 37 88;plusfresc@plusfresc.es ;http://www.plusfresc.es/;;;https://twitter.com/Plusfresc;;;
Cappont;AVV Cappont;Plus Fresc - Ciutat Elisis;;973 21 44 08;plusfresc@plusfresc.es;http://www.plusfresc.es/;;;https://twitter.com/Plusfresc;;;
Cappont;AVV Cappont;Pneumatics Molins - Driver Center;;973 200 743;molins@grupo-driver.com;http://www.drivercenter.es/;;https://www.facebook.com/TalleresDriver.ES;https://twitter.com/TalleresDriver;http://www.youtube.com/user/TalleresDriver?feature=mhum;;
Cappont;AVV Cappont;Pràctic Llum;;973 204 619;practic@practic-llum.com;http://practic-llum.com/;;https://www.facebook.com/practic.llum;;;;
Cappont;AVV Cappont;Seguros AXA - DE BENITO - ESQUERRA ;;973 204 887;MONTSERRAT.DEBENITO@AGENCIA.AXA-SEGUROS.ES;http://www.axa.es/;;https://www.facebook.com/AXA.ES;https://twitter.com/AXASegurosEs;http://www.youtube.com/user/AXASEGUROSES;;
Cappont;AVV Cappont;SIMM Informàtica;;973 20 55 08;;http://www.informaticasimm.com/;;;;;;
Cappont;AVV Cappont;Studium Academia;;973 212 507;studium@svt.es;http://www.studium-academia.com/;;https://www.facebook.com/studium.academia;;;;
Cappont;AVV Cappont;Superverd - Bruc;;973 20 81 91;info@superverd.es;http://www.superverd.es/;;https://www.facebook.com/superverd.lleida;;;;
Cappont;AVV Cappont;Viatjes Iltrida - Cappont;;973 210 390;lleida.i@iltrida.com;http://www.iltridaonline.com/;;https://www.facebook.com/viajesiltrida;https://twitter.com/iltridaviatges;;;
Cappont;AVV Cappont;Yamaha - Yam-973;;973 212 131;yam-973@yam-973.com;http://concesionarios.yamaha-motor.es/2275;;https://www.facebook.com/pages/Yam-973-SL/586525528038740;;;;
Centre Històric;AVV Comerciants del Centre Històric;Joieria Margarida Aldabó;;973 24 96 49;info@margaridaaldabo.com;http://www.margaridaaldabo.com/;;;;;;
Centre Històric;AVV Comerciants del Centre Històric;Pastisseria Glace;;973 234 474;pastisseriaglace@hotmail.com;;;https://www.facebook.com/CafeteriaPastisseriaGlaceLleida;;;;
Centre Històric;AVV Jaume I el Conqueridor;Perruqueria Susana Martinez;Susana Martinez;973 270 306;sisanainerea@hotmail.com;http://www.perruqueriasusanamartinez.com/;;https://www.facebook.com/perruqueriasusana.martinez;;;;
Eix Comercial;AVV Noguerola;Aldavó Dolors i Joana Roba Íntima;;973 24 80 96;dolorsijoana@aldavo.com;http://www.aldavo.com/;;https://www.facebook.com/pages/ALDAV%C3%93-dolors-i-joana-ROBA-INTIMA/114972031864625;;;;
Eix Comercial;AVV Noguerola;Antanna Joies;;973 23 45 35;antanna@antannajoies.com;;;https://www.facebook.com/antanna.joies;https://twitter.com/ANTANNAjoies;;;
Eix Comercial;AVV Comerciants del Centre Històric;Armeria Antiga Casa Inglés;;973 267 106 // 973 263 523;info@antiguacasaingles.com;http://tienda.antiguacasaingles.com/;;;;;;
Eix Comercial;AVV Cappont;Beep Lepton;;973 21 30 10 // fax: 973 21 30 26;lepton@lepton.net;http://www.lepton.net/serveis/;;https://www.facebook.com/Lepton.Informatica?fref=ts;;;;
Eix Comercial;AVV Comerciants del Centre Històric;Boboli;;973 278 440;;http://www.boboli.es/;;https://www.facebook.com/boboliclub;https://twitter.com/BoboliFashion;http://www.boboli.es/instagram;;
Eix Comercial;AVV Comerciants del Centre Històric;Calçats Espuña;;973 24 36 39;jordi@sabateriaespunya.com;http://www.zapateriaslleida.com/;;https://www.facebook.com/pages/Cal%C3%A7ats-Espu%C3%B1a/226370764176485?fref=ts;;;https://plus.google.com/109215793231968134549/about;
Eix Comercial;AVV Noguerola;Calçats Giró;;973 23 22 10;;;;https://www.facebook.com/calcats.giro ;;;;
Eix Comercial;AVV Comerciants del Centre Històric;Calzedonia ;;973270194;;http://www.calzedonia.it/es/;;https://www.facebook.com/calzedonia;https://twitter.com/TweetCalzedonia;https://www.youtube.com/user/CalzedoniaOfficial;;
Eix Comercial;;Carrefour;;;;http://www.carrefour.es/;;;;;;http://www.carrefour.es/
Eix Comercial;AVV Comerciants del Centre Històric;Casa Guarro;;973 241 036;info.guamusic@gmail.com;;;https://www.facebook.com/CasaGuarroMusica?fref=ts;;;;
Eix Comercial;AVV Noguerola;Casa Rami;;"Porqueres: 973 246 441; Magdalena: 973 237 513; Pedrolo: 973 210 059";info@ramiremeis.cat;http://www.ramiremeis.cat/;;https://www.facebook.com/ramiremeis?fref=ts;https://twitter.com/RamiRemeis;;;
Eix Comercial;AVV Comerciants del Centre Històric;David Garsaball Foto-Video;;973246771;dgarsaball@hotmail.com;http://www.behance.net/MOVIE_GARSABALL;https://www.facebook.com/David.Garsaball.FILM.PRODUCTIONS?filter=1;https://www.facebook.com/PHOTOGARSABALL;;http://www.youtube.com/user/PHOTOGARSABALL;;
Eix Comercial;AVV Comerciants del Centre Històric;Descamps;;973243807;;http://www.descamps.com/;;;https://twitter.com/Descamps_paris;;;
Eix Comercial;;Drim;;;;http://www.drim.es/;;;;;https://www.google.es/maps/search/drim/@41.6137215,0.628123,15z/data=!3m1!4b1?sa=X&ei=6_04VdzvLIvD7gb8qYDoCA&ved=0CIkBEMgT;http://www.drim.es/
Eix Comercial;;Electrodomésticos Miró;;;;http://www.miro.es/;;;;;;http://www.miro.es/
Eix Comercial;AVV Comerciants del Centre Històric;Elisabeth Rosinach;;973 264 263;;http://www.elisabethrosinach.com/;;https://www.facebook.com/pages/ELISABETH-ROSINACH/106197092747429;;;;
Eix Comercial;AVV Comerciants del Centre Històric;Enfants…;;973 263 622;;http://www.3pommes.com/es;;https://www.facebook.com/enfants.lleida;;;;
Eix Comercial;AVV Comerciants del Centre Històric;Esports Solé;;973 237 791;esportssole@gmail.com;http://esportssole.com/es/;;https://www.facebook.com/EsportsSole?ref=ts&fref=ts;https://twitter.com/esportssole;;;
Eix Comercial;AVV Universitat-Zona Alta;Euronics Electro Centre;;973 28 02 02;;http://www.electrocentre.net/;;https://www.facebook.com/pages/Electro-Centre/160634913991627?ref=profile;;;;
Eix Comercial;AVV Comerciants del Centre Històric;Eva Moreno Joies;;644 252 836;"info@evamorenojoies.com; evamoreno.joyas@gmail.com";http://www.evamorenojoies.com/;;https://www.facebook.com/pages/Eva-Moreno-Joyas/225977960807275?fref=ts;;;;
Eix Comercial;AVV Universitat-Zona Alta;Farreres Sabateria i complements;;973 242 242;info@farreres.es;http://www.farreres.com/;;https://www.facebook.com/farreres.sabates.3?fref=ts;;;;http://www.farreres.com/
Eix Comercial;AVV Comerciants del Centre Històric;Fosco Lleida;;;;http://www.merkal.com/;;;;;;http://www.merkal.com/
Eix Comercial;AVV Comerciants del Centre Històric;Foto Llorens - Major;;973 268 829;estudi@fotollorens.com;http://www.fotollorens.com/;;https://www.facebook.com/pages/Foto-Llorens-SL/403498749720764?fref=ts;;;;
Eix Comercial;AVV Noguerola;Fotollum;;973244228;info@fotollum.es;http://www.fotollum.com/;;https://www.facebook.com/Fotollum;;;;
Eix Comercial;;Golden Point;;973 228168;;http://www.goldenpoint.com/;;https://www.facebook.com/goldenpointonline;https://twitter.com/goldenpoint_IT;http://www.youtube.com/user/Goldenpointonlinecom;;
Eix Comercial;AVV Cappont;Goretti Moda i Llar;;616 88 60 41;gorettihete@hotmail.com;;;https://www.facebook.com/pages/Goretti-Moda-i-Llar/118046071596743;;;;
Eix Comercial;AVV Comerciants del Centre Històric;Goumar;;973 269 552;goumar@goumar.com;http://www.goumar.com/cat/index.html;;https://www.facebook.com/GrupGoumar?fref=ts;;;;
Eix Comercial;AVV Noguerola;Grelot;;973 23 46 11;;;;https://www.facebook.com/pages/GRELOT/202724629771632?fref=ts;;https://plus.google.com/106353086426211734105/about?gl=es&hl=en;;
Eix Comercial;AVV Comerciants del Centre Històric;Hellín Optics S.L.;;973 24 39 54;;;;;;https://plus.google.com/105013075502531643245/about?gl=es&hl=en;;
Eix Comercial;;Hunkemoller;;973 254 557;;http://www.hunkemoller.com/es/;;http://www.facebook.com/Hunkemoller;https://twitter.com/#!/Hunkemoller;https://www.google.es/url?sa=t&rct=j&q=&esrc=s&frm=1&source=web&cd=1&cad=rja&ved=0CC8QFjAA&url=https%3A%2F%2Fplus.google.com%2F110674794492045087010%2Fabout%3Fgl%3Des%26hl%3Des&ei=UNSJUqClG8mc0QXK2IEw&v6u=https%3A%2F%2Fs-v6exp1-ds.metric.gstatic.com%2Fgen;;
Eix Comercial;AVV Comerciants del Centre Històric;Ikks Women et Men;;973 23 03 70;;http://www.ikks.com/en/women/;;http://www.facebook.com/ikks;http://twitter.com/#!/ikks616;;;
Eix Comercial;AVV Comerciants del Centre Històric;Ilerdent Institut Dental;;973 281 111;ilerdent@ilerdent.com;http://www.ilerdent.com/;;https://www.facebook.com/pages/Institut-Dental-Ilerdent/329890560374492;https://twitter.com/Ilerdent;;;
Eix Comercial;AVV Comerciants del Centre Històric;Innovació;;973 24 23 34;innovacio@innovacio.com;http://www.innovacio.com/;;https://www.facebook.com/pages/INNOVACI%C3%93/145627758109;;;;
Eix Comercial;AVV Comerciants del Centre Històric;Innovació;;973242334;mailto:innovacio@innovacio.com;http://www.innovacio.com/;;;;;;
Eix Comercial;AVV Magisteri Zona Alta;Institut de Bellesa i Benestar Arbel;;973 27 08 12;;;;https://www.facebook.com/pages/Institut-de-Bellesa-i-Benestar-Arbel/109288239128091;;https://plus.google.com/104980030624303768642/about?gl=es&hl=en;;
Eix Comercial;AVV Comerciants del Centre Històric;Intimissim;;973233752;;http://es.intimissimi.com/home.jsp;;https://www.facebook.com/intimissimi;https://twitter.com/intimissimi;http://www.youtube.com/user/intimissimiofficial;;
Eix Comercial;AVV Instituts St. Ignasi;Joieria Ayala;;973 268 393;ayalajoiers@hotmail.com;http://www.ayalajoiers.es/;;https://www.facebook.com/AyalaJoiers?fref=ts;;;;
Eix Comercial;AVV Comerciants del Centre Històric;Joieria Caitos;;973 243 635;;http://joyeriacaitos.com/es/;;;;;;
Eix Comercial;;Joieria Gorne;;97321979;mailto:info@joieriagorne.com;http://www.joieriagorne.com/;;;;;;
Eix Comercial;AVV Noguerola;Joieria Joaquim Guerrero;;973 271 713;joaquimguerrerojoiers@gmail.com;;;https://www.facebook.com/pages/Joieria-Rellotgeria-Joaquim-Guerrero/109395449128843;;;;
Eix Comercial;AVV Comerciants del Centre Històric;Joieria La Nova;; 973 24 50 85;mailto:aespurz@gmail.com;http://www.joierialanova.com/;;https://www.facebook.com/pages/Joieria-La-Nova-Joieria-Viladrich/197052593658831;;;;
Eix Comercial;;Joieria Lavaquial ;;973243520;;;;;;https://www.google.es/#q=joieria+lavaquial+lleida+paeria&revid=1743491654;;
Eix Comercial;AVV Noguerola;Joieria Peralta;;973 243 339;lleida@rueperaltajoiers.com;http://www.rueperaltajoiers.com/;;https://www.facebook.com/rueperalta;;;;
Eix Comercial;AVV Comerciants del Centre Històric;Joieria Pere Tena;;"Blondel: (telf) 973 27 00 77 (fax) 973 27 00 59;  Ramon Llull:  973 24 53 96";joieria@peretena.com;http://www.peretena.com/;;https://www.facebook.com/pere.joier?fref=ts;;;;
Eix Comercial;AVV Comerciants del Centre Històric;Joieria Zodiaco;;973 28 00 34;;;;https://www.facebook.com/joieria.zodiaco?hc_location=timeline;;;;
Eix Comercial;AVV Comerciants del Centre Històric;Josa & Gassó;;973 242 183;info@josaygassolleida.com;http://www.josaygassolleida.com/;;;;;;
Eix Comercial;AVV Pardinyes;Kiosk del Mark;;973 24 02 32;kioskmarc@gmail.com;;;https://www.facebook.com/pages/Kiosk-del-Marc/203987502962027;;;;
Eix Comercial;;La Llar;;973244146;;http://www.lallarlleida.com/;;;;;;
Eix Comercial;AVV Comerciants del Centre Històric;La Perfumeria - Sant Antoni;; 973 28 06 12;info@perfumeriainternacional.com;http://www.perfumeriainternacional.com/;;https://www.facebook.com/Laperfumerialleida;;;;
Eix Comercial;AVV Comerciants del Centre Històric;La Primavera;;973 278 021;laprimavera@laprimavera.es;http://www.laprimavera.es/;;https://www.facebook.com/laprimaveraperfumeries;;;;http://www.laprimavera.es/shop/
Eix Comercial;AVV Noguerola;Llenceria Núria;;973 237 462;mailto:info@nurialenceria.com;http://www.nurialenceria.com/;;;;;;
Eix Comercial;AVV Instituts St. Ignasi;Llenceria Teres;;973268040;;http://www.teresseleccion.com/;;;;;;
Eix Comercial;AVV Comerciants del Centre Històric;Llibreria Caselles;;973 242 346;info@caselles.com;http://www.caselles.com/;;;;;;
Eix Comercial;;Llongueras ;;973248286;;;;;;https://plus.google.com/111531168313141870226/about?hl=en;;
Eix Comercial;AVV Comerciants del Centre Històric;Lluna de Drap;;973 23 42 47;;http://www.llunadedrap.com/;;https://www.facebook.com/llunadedrap;;;;
Eix Comercial;AVV Noguerola;Mael Boutique;;973 23 77 70;mael.boutique@gmail.com;http://www.mael-basler.com/;;https://www.facebook.com/pages/Mael-Boutique/214087765306757;;;;
Eix Comercial;;Mary Paz;;;;http://www.marypaz.com/;;;;;;http://www.marypaz.com/tienda-online/index.php
Eix Comercial;AVV Instituts St. Ignasi;Maype Electrodomèstics;; 973 27 40 60;;http://www.maypedomestics.com/es/index;;https://www.facebook.com/maype.electrodomestics?fref=ts;;;;
Eix Comercial;;Media Markt;;;;http://www.mediamarkt.es/mcs/marketinfo/MediaMarkt-Lleida---Lleida,117452,-5.html;;;;;https://www.google.es/maps/place/Media+Markt/@41.677576,1.281678,6z/data=!4m2!3m1!1s0x0:0xbec1b670a9a808e0?sa=X&ei=Hfw4Vc6wNcmO7QaUzoCYDA&ved=0CI4BEPwSMAo;http://www.mediamarkt.es/mcs/marketinfo/MediaMarkt-Lleida---Lleida,117452,-5.html
Eix Comercial;AVV Comerciants del Centre Històric;Mima't Mamà;;973 278 947;info@mimatmama.cat;http://www.mimatmama.cat/;;https://www.facebook.com/mimatmama.premamalleida?ref=tn_tnmn;;;;
Eix Comercial;AVV Comerciants del Centre Històric;Mitges Daniel;;973 24 32 55 ;daniel.mitges@gmail.com;;;https://www.facebook.com/daniel.mitges;;;;
Eix Comercial;AVV Comerciants del Centre Històric;Monalisa;;973220874;;;;;;https://plus.google.com/115353510790727386919/about?gl=es&hl=es#115353510790727386919/about?gl=es&hl=es;;
Eix Comercial;;MP Perfumes;;;;http://www.monpriveeperfumes.com/;;;;;;http://www.monpriveeperfumes.com/
Eix Comercial;AVV Comerciants del Centre Històric;Natural Optics;;973 27 80 03;info@naturaloptics.com;http://www.naturaloptics.com/group/es/;;https://www.facebook.com/naturaloptics;https://twitter.com/NaturalOpticsG;;;
Eix Comercial;AVV Comerciants del Centre Històric;OliverasSanz;;973 22 07 22;;http://www.oliverassanz.com/;;https://www.facebook.com/pages/Oliveras-Sanz/272028216241677;;;;
Eix Comercial;AVV Universitat-Zona Alta;Pastisseria El Cisne;;;;http://www.apanymantel.com/pastelerias/lleida/el-cisne;;;;;https://www.google.es/maps/place/Pasteler%C3%ADa+El+Cisne/@41.618668,0.619549,15z/data=!4m2!3m1!1s0x0:0xb7674b74293abf2e?sa=X&ei=lf44VbepHemu7AbxmIDgCg&ved=0CHEQ_BIwCw;http://www.apanymantel.com/pastelerias/lleida/el-cisne
Eix Comercial;AVV Comerciants del Centre Històric;Perfumeria Julia;;973220874;;http://www.perfumeriajulia.es/;;;;;;http://www.perfumeriajulia.es/
Eix Comercial;AVV Comerciants del Centre Històric;Perfumeries Gotta;;973222899;;http://www.gotta.es/ca/index.aspx;;https://www.facebook.com/GottaPerfumerias?fref=ts;;;;
Eix Comercial;AVV Comerciants del Centre Històric;Perruqueria Franci;;973 248 741;info@franciperruqueria.com;http://www.franciperruqueria.com/;;;;;;
Eix Comercial;AVV Comerciants del Centre Històric;Rituals Lleida;;973 24 36 03;;http://eu.rituals.com/es-es/home;;https://www.facebook.com/#!/RitualsCosmeticos/app_287536274617687;http://www.twitter.com/rituals;http://google.com/+ritualscosmetics;;
Eix Comercial;;Rosa Clará;;973263783;;http://www.rosaclara.es;;https://www.facebook.com/RosaClaraOficial;https://twitter.com/Rosa_Clara;http://www.pinterest.com/rosaclara/;;
Eix Comercial;AVV Instituts St. Ignasi;Shana;;;;http://www.shana.com/es;;;;;;http://www.shana.com/es
Eix Comercial;AVV Magisteri Zona Alta;Sirera Serveis Fotogràfics;;973 24 18 78;;http://www.sirerafoto.com/;;;;;;
Eix Comercial;AVV Comerciants del Centre Històric;Sitgetana;;973243471;;http://www.sitgetana.com/;;https://www.facebook.com/sitgetana;;;;
Eix Comercial;AVV Comerciants del Centre Històric;Sony Gallery;;973197277;;http://www.sony.es/hub/sonycenters;;https://www.facebook.com/SonyEsp;;https://plus.google.com/+sonyespa%C3%B1a/posts;;
Eix Comercial;AVV Magisteri Zona Alta;Surf Devils;;973 240 616;info@surfdevils.com;http://surfdevils.com/;;https://www.facebook.com/surfdevils;https://twitter.com/SurfDevils_com;;;
Eix Comercial;AVV Comerciants del Centre Històric;Tantull;;973 269 018;;http://www.tantull.es/;;https://www.facebook.com/www.tantull.es;;;;
Eix Comercial;AVV Comerciants del Centre Històric;Teixits Balcells;;973241887;;;;;;https://plus.google.com/104056324196957518666/about?gl=es&hl=es#104056324196957518666/about?gl=es&hl=es;;
Eix Comercial;;Toy Planet;;;;http://www.toyplanet.es/;;;;;https://www.google.es/maps/place/Toy+Planet+Calucho/@41.619942,0.618624,6z/data=!4m2!3m1!1s0x0:0xda09f03d0badae3a;http://www.toyplanet.es/
Eix Comercial;AVV Comerciants del Centre Històric;Trendy;;973 28 91 22;info@trendylleida.com;http://trendylleida.com/;;https://www.facebook.com/trendylleida;https://twitter.com/trendylleida;;;
Eix Comercial;;Trucco;;973239014;;http://truccoshop.com/;;https://www.facebook.com/TRUCCOMODA;https://twitter.com/TRUCCO_;http://www.youtube.com/truccomoda;;
Eix Comercial;AVV Pardinyes;TTO MOVIL CAR AUDIO;;687504303;taller@totmovillleida.com ;http://www.totmovillleida.com;;;;;;
Eix Comercial;AVV Comerciants del Centre Històric;Viatjes Iltrida;;973 210 837;reservas@iltrida.com;http://www.iltridaonline.com/;;https://www.facebook.com/viajesiltrida;https://twitter.com/iltridaviatges;;;
Eix Comercial;AVV Magisteri Zona Alta;Vilcin Optics;;973 23 27 45 ; vilcinoptics@gmail.com;http://vilcinoptics.com/;;;;;;
Eix Comercial;;Vives ;;;;http://www.vivesonline.com/;;;;;;http://www.vivesonline.com/
Eix Comercial;AVV Comerciants del Centre Històric;Zara;;973280184;;http://www.zara.com/es/;;https://www.facebook.com/Zara;https://twitter.com/ZARA;http://www.youtube.com/zara;;http://www.zara.com/
La Bordeta;AVV Bordeta;A+ A+ ACADEMIA DE REPAS;;973210564;academiaderepas@gmail;;;https://www.facebook.com/academiaamesames.borwick;;;;
La Bordeta;AVV Bordeta;AGM - Accesorios Alta Presión;;973 840 525;agm@accesoriosaltapresionagm.com;http://www.accesoriosaltapresionagm.com/;;;https://twitter.com/AgmAltaPresion;https://www.linkedin.com/company/accesorios-alta-presi%C3%B3n-agm?trk=biz-companies-cym;;http://www.accesoriosaltapresionagm.com/
La Bordeta;AVV Bordeta;ALIMENTACIÓ JULITA;;973845555;;;;https://www.facebook.com/AlimentacioJulita;;;;
La Bordeta;AVV Bordeta;Amador Institut de Bellesa;;973204343;;http://www.perruqueriaamador.com/;;http://www.facebook.com/perruqueria.amador;;;;
La Bordeta;AVV Bordeta;ARTE SANO;;659403654;info@artesano.cat;http://www.artesano.cat;;http://www.facebook.com/artesanolleida;;;;
La Bordeta;AVV Bordeta;ASSEGURANCES XAVIER CANADELL;;973832500;assegurances@xcanadell.com;http://www.xcanadell.com;;http://www.facebook.com/Assegurancesxcanadell;;;;
La Bordeta;AVV Bordeta;Autoescola RACC Sit-Car;;973 210 103;autoescolasitcar@gmail.com;http://www.sit-car-lleida.com/;;https://www.facebook.com/Sit.Car;;;;
La Bordeta;AVV Bordeta;BARBERIA ELIZABET PIÑOL;;973211591;barberiaelisabeth.p.@gmail.com;;;;;https://plus.google.com/105789753985170550396/about?gl=es&hl=en;;
La Bordeta;AVV Bordeta;BORDETA DIAZ SUBIAS;;973213929;lleida@diazsubias.com;http://centros.euromaster-neumaticos.es/7635-euromaster-diaz-subias-lleida-baixos;;http://www.facebook.com/pages/Diaz-Subias-Euromaster/229153350512747;;;;
La Bordeta;AVV Bordeta;CENTRE D'ESTETICA I PERFUMERIA PIU BELLA;;973203735;piubellalleida@yahoo.es;http://www.piubellaonline.com/;;https://www.facebook.com/esteticayperfumeriapiubella;;;;
La Bordeta;AVV Bordeta;CLINICA DENTAL SEGRIA;;973212120;marta@dentalsegria.com;http://www.dentalsegria.com;;https://www.facebook.com/clinicadentalsegria;https://twitter.com/DentalSegria;;;
La Bordeta;AVV Bordeta;COMPLEMENTS;;973206309;botigacomplements.lleida@gmail.com;;;http://www.facebook.com/complements.lleida;;;;
La Bordeta;AVV Bordeta;COVER OFIMATICA, S.L.;;973211674;cover@ofimatica.com;http://www.coverofimatica.com;;;;http://www.linkedin.com/company/cover-ofimatica-s.l.;;
La Bordeta;AVV Bordeta;DUALB ESTILISTES;;973200961;dualbestilistes@hotmail.com;;;http://www.facebook.com/dualb.estilistes;;;;
La Bordeta;AVV Bordeta;ELECTROCUINA VILCAR;;973212050;vilcar@vilcar.es;http://www.vilcar.es.tl;;;;;;
La Bordeta;AVV Bordeta;EuroReclams;;973206353;comercial@euroreclams.com;http://www.euroreclams.com;;http://www.facebook.com/euroreclams;;;;
La Bordeta;AVV Bordeta;FACTORIA DANCE;;973213829;info@factoriad.com;http://www.factoriad.com;;http://www.facebook.com/factoria.dance;;;;
La Bordeta;AVV Bordeta;FARMACIA PEÑA ZALDIVAR;;973208632;farmaciabordeta@hotmail.com;;;http://www.facebook.com/pages/Farmacia-Pe%C3%B1a-Zaldivar/488511421197120;;;;
La Bordeta;;FERROS PRUDENCI;;973211300;ferros@ferrosprudenci.com;http://www.ferrosprudenci.com;;http://www.facebook.com/pages/Ferros-Prudenci/375380579144353;;;;
La Bordeta;AVV Bordeta;FLORISTERIA CANALES;;973206520;canales@floristeriacanales.es;http://www.floristeriacanales.es;;http://www.facebook.com/pages/Canales-floristeria/129400387174411;;;;
La Bordeta;AVV Bordeta;Fotograf Rafa Rodriguez;;973203353;fotograf@rafarodriguez.es;http://www.rafarodriguez.es;;http://facebook.com/rafa.rodriguez.lleida;;;;
La Bordeta;AVV Bordeta;GABINET BUCHACA;;973213317;gabinetbuchaca@gmail.com;http://www.gabinetbuchaca.com;;;;;;
La Bordeta;AVV Bordeta;GESTORIA CERVERA;;973200845;info@gestoriacervera.es;http://www.gestoriacervera.es;;;;;;
La Bordeta;AVV Bordeta;GIMNAS BORDETA;;973210422;teresasonali21@hotmail.com;http://www.gimnasbordeta.com;;https://www.facebook.com/gimnas.bordeta;;;;
La Bordeta;AVV Bordeta;JOVERT & PURROY // JOIERIA BLANCO;;973204568;jovertblanco@ono.com;;;http://www.facebook.com/JovertPurroy;;;;
La Bordeta;AVV Bordeta;Lecca Lecca;;;;;;http://www.facebook.com/pages/Lecca-Lecca/690147277663537;;;;
La Bordeta;AVV Bordeta;MAPFRE OFICINA LA BORDETA;;973204218;orobix@mapfre.com;http://www.mapfre.com;;;;;;
La Bordeta;AVV Bordeta;MATERIALS PER A LA CONSTRUCCIO I ADOPS  J. PIÑOL, S.L.;;973200132;info@materialspinyol.com;http://www.materialspinyol.com;;http://www.facebook.com/MaterialsPinyol;;;;
La Bordeta;AVV Bordeta;MIC-TIC SERVEIS INFORMÀTICS;;973985577;info@mic-tic.es;http://www.mic-tic.es;;http://www.facebook.com/mictic.informatica;;;;
La Bordeta;AVV Bordeta;NATURAL ÒPTICS;;973221595;bordeta@naturaloptics.com;http://www.naturaloptics.com;;https://www.facebook.com/naturaloptics;https://twitter.com/NaturalOpticsG;http://www.linkedin.com/company/natural-optics?trk=fc_badge;;
La Bordeta;AVV Bordeta;OPTICA EYGA;;973203848;info@opticaeyga.com;http://www.opticaeyga.com;;http://www.facebook.com/optica.eyga;;;;
La Bordeta;AVV Bordeta;PASTISSERIA CAFETERIA IMMA;;685112995;pastiseria-inma@hotmail.com;;;http://www.facebook.com/pages/Pastisseria-IMMA/417984224920582;;;;
La Bordeta;AVV Bordeta;PÈLS CANINS;;973214226;pelucanlaura@yahoo.es;http://www.pelscanins.com;;https://www.facebook.com/pelscanins;;https://plus.google.com/101209107063914807749/posts;;
La Bordeta;AVV Bordeta;PELUQUERIA MARIVI;;973203071;info@perruquerimarivi.com;http://www.perruqueriamarivi.com;;;;;;
La Bordeta;AVV Bordeta;PERRUQUERIA BIS ENRIQUETA OCAÑA;;973201509;enriqueta.51@hotmail.com;;;http://www.facebook.com/perruqueria.bis;;;;
La Bordeta;;PERRUQUERIA SABARES;;973211454;motseaida@live.com;;;http://www.facebook.com/perruqueria.sabares;;;;
La Bordeta;AVV Bordeta;PERRUQUERIA TERE;;973206554;teresamoreno70@hotmail.es;;;http://www.facebook.com/perruqueriatere.moreno;;;;
La Bordeta;AVV Bordeta;RAMONINA PIROTECNIA;;973210074;ramonina@terra.es;;;https://www.facebook.com/ramoninacastello;;https://plus.google.com/112997953930659913970/about?gl=es&hl=en;;
La Bordeta;AVV Bordeta;RETOLS PONENT;;973206463;retols@retolsponent.com;http://www.retolsponent.com;;;;;;
La Bordeta;AVV Bordeta;RODAMIENTOS Y SUMINISTROS SICORIS;;973203815;rodamientos@sicoris-sa.com;http://www.sicoris-sa.com;;;;;;
La Bordeta;AVV Bordeta;ROSTISSERIA URGELL;;973212106;sergi@rostisseriaurgell.com;http://www.rostisseriaurgell.com;;http://www.facebook.com/rostisseria.urgell;;;;
La Bordeta;AVV Bordeta;RUBINDECELIS Estudi Gràfic;;666471487;disseny@rubindecelis.cat;http://www.rubindecelis.cat;;;;;;
La Bordeta;AVV Bordeta;SALVANY CLINICA DENTAL;;973206156;info@clinicasalvany.com;http://www.clinicasalvany.com;;;;;;
La Bordeta;AVV Bordeta;Tapisseria Angel Lerma;;;;;;http://www.facebook.com/pages/Tapisseria-Lerma/171227812920673;;;;
La Bordeta;AVV Bordeta;VIATGES L’EIXIDA TOURS;;973211203;hostal@leixida.com;http://www.leixida.com;;;;;;
La Bordeta;AVV Bordeta;VIATGES LLEIDA;;973228091;viatges@viatgeslleida.com;http://www.viatgeslleida.com;;;;;;
Pardinyes;AVV Pardinyes;Arts Gràfies Bobalà, SL;;973 23 66 11;bobala@bobala.cat;http://www.bobala.cat/;;;;;;
Pardinyes;AVV Pardinyes;Autoescola San Juan;;973 22 26 79;;http://www.autoescolasanjuan.com/;;https://www.facebook.com/autoescolasanjuan.autoescola;;;;
Pardinyes;AVV Pardinyes;Carpinteria de aluminio RAYJU;;973238198;info@rayju.es;http://www.rayju.es/;;;;;;
Pardinyes;AVV Pardinyes;Fransi Bicicletes;;973234178;;http://www.ciclesfransi.com/index.html;;https://www.facebook.com/pages/Cicles-Fransi/203194766439548;;;;
Pardinyes;AVV Pardinyes;Gimnàs Zenkiu;;973 187 011;info@zenkiu.com;http://www.zenkiu.com/;;https://www.facebook.com/Zenkiu-%C3%89s-Esport-201643356523510/?fref=ts;https://twitter.com/zenkiu;;;
Pardinyes;AVV Pardinyes;L'Estil;;973 192 104;LESTIL_PATINSESPORTS@HOTMAIL.ES;http://www.lestilpatinsesports.com/;;;;;;
Pardinyes;AVV Pardinyes;Mail Boxes;;973192933;mbe290@mbe.es;http://www.mbe.es/;;;;https://www.youtube.com/user/MBESpain;;
Pardinyes;AVV Pardinyes;Ofitópolis;;973192035;lleida@ofitropolis.com;http://www.ofitropolis.com/lleida/Default.aspx?f=0;;https://www.facebook.com/Ofitropolis12;;;;
Pardinyes;AVV Pardinyes;Pastisseria la Rambla;; 973 223 148;info@pastisserialarambla.com;http://www.pastisserialarambla.com/;;https://www.facebook.com/pages/Pastisseria-La-Rambla/172260342791003;;;;
Pardinyes;AVV Pardinyes;Perruqueria Bucles;;973 242 422 ;;;;;;;;
Pardinyes;AVV Pardinyes;Perruqueria i bellesa Pilar Quesada;;973220728;;;;https://www.facebook.com/peluqueriapilarquesada.pilarquesada;;;;
Pardinyes;AVV Pardinyes;Perruqueria Rossi;;973 244 962;info@perruqueriarossi.com;;;;;https://foursquare.com/v/perruqueria-rossi/4fb4cc75e4b0a0f95a046b1a;;
Pardinyes;AVV Pardinyes;Plusfresc - Baró de Maials;;973 23 94 90;plusfresc@plusfresc.es;http://www.plusfresc.es/;;;https://twitter.com/Plusfresc;;;
Pardinyes;AVV Pardinyes;Roda Ocasió;;973245291;rodaocasio@gmail.com;http://www.rodaocasio.com/pages/home;;;;;;
Pardinyes;AVV Pardinyes;SilModa ;;973240856;;;;;;;;
Pardinyes;AVV Pardinyes;Tarròs Pintures i Decoració;;973192026;tarrospardiñas@millosoft.es ;http://www.decoraciotarros.es/;;;;;;
Pardinyes;AVV Pardinyes;Tegeve Optics;;973 220 514;tegeveoptics@zasvision.com;http://www.tegeveoptics.com/;;https://www.facebook.com/pages/Tegeve-Optics/125201364202212;;;;
Pardinyes;AVV Pardinyes;Tot Festa;; 973 23 37 42;info@totfesta.org;http://totfesta.multiespaciosweb.com/es/;;https://www.facebook.com/tot.festa;;;;
Pardinyes;AVV Pardinyes;Xapa i pintura Mosa SL;;973 24 51 43;;;;;;;;
Pardinyes;AVV Pardinyes;zuccar;;973 22 99 14;zuccar.imatge@gmail.com;;;https://www.facebook.com/tot.festa#!/pages/Z%C3%BAccar-Imatge/192413087467363?fref=ts;;;;
Virtual;;3pfruits;;973 180 582;info@3pfruits.com;http://www.3pfruits.com/;;;https://twitter.com/3pfruitsTermens;https://plus.google.com/113053785450217842367/posts;;http://www.3pfruits.com/
Virtual;;Administració de Loteries Monill;;973 445 083;admon12@hotmail.com;https://www.loteriamonill.com/;;;;;;https://www.loteriamonill.com/
Virtual;;Blackpier;;634 638 041;Info@blackpier.com;http://www.blackpier.com/;;https://www.facebook.com/blackpier;https://twitter.com/blackpier_es;https://www.youtube.com/user/BlackpierTV;;http://www.blackpier.com/
Virtual;;Camisetas la Fábrica;;973 254 675;info@camisetaslafabrica.com;http://www.camisetaslafabrica.com/;;https://www.facebook.com/profile.php?id=100008075568910;;;;http://www.camisetaslafabrica.com/
Virtual;;Cedis Joguines;;973 257 897;cedis@gruplandert.com;http://www.cedisjoguines.com/;;;;;;http://www.cedisjoguines.com/
Virtual;;Ecològicus;;973 314 931;ecologicus@ecologicus.com;http://www.ecologicus.com/;;;;;;http://www.ecologicus.com/
Virtual;;Ekoideas;;973 800 283;info@ekoideas.com;http://www.ekoideas.com/;;https://www.facebook.com/Ekoideas-Ecología-254658314580581/timeline/;;;;http://www.ekoideas.com/
Virtual;;El otro armario;;973 601 122;publi@elotroarmario.com;http://www.elotroarmario.com/;;https://www.facebook.com/elotroarmario;;https://plus.google.com/+Elotroarmario/posts;;http://www.elotroarmario.com/
Virtual;;ElanCasual.com;;609 855 541;info@elancasual.com;http://www.elancasual.com/;;https://www.facebook.com/elancasual;https://twitter.com/ElanCasual;https://www.youtube.com/channel/UCOBJu2OAeVkGIIuL80NlSvQ/feed;https://plus.google.com/+Elancasual/posts;http://www.elancasual.com/
Virtual;;Funnatic - Electrodomèstics i Aire Condicionat;;973 311 656;info@funnatic.es;http://www.funnatic.es/;;;;;;http://www.funnatic.es/
Virtual;;LimFruit;;973 780 236;info@limfruit.com;http://www.limfruit.com/;;;;;;http://www.limfruit.com/
Virtual;;Mar Pallares – joies;;685 332 864;info@marpallares.com;http://www.marpallares.com/;;https://www.facebook.com/mardargent;https://twitter.com/mardargent;https://www.pinterest.com/mardargent/;;http://www.marpallares.com/
Virtual;;Pescar por menos;;973 602 347;jordi@pescarxmenos.com;http://www.pescarpermenys.com/;;https://www.facebook.com/pescarpermenys;;;;http://www.pescarpermenys.com/
Virtual;;Pixia;;;pixia@pixiaestudio.com;http://www.pixiaestudio.com/;;https://www.facebook.com/pixiaestudio;https://twitter.com/PixiaEstudio;https://www.youtube.com/user/PaginaWebEmpresa;https://plus.google.com/106944520435345760540/posts;http://www.pixiaestudio.com/
Virtual;;Tiendas virtuales Xopie;;902 001 451;info@xopie.com;http://www.xopie.com/;;https://www.facebook.com/xopie;https://twitter.com/xopie;https://plus.google.com/+xopie/posts;;http://www.xopie.com/
Virtual;;VinylicUs;;902 002 435;vinylicus@vinylicus.com;http://www.vinylicus.com/;;https://www.facebook.com/vinylicUs/timeline/;;https://www.youtube.com/user/vinylicus;;http://www.vinylicus.com/
Virtual;;Want & Desire;;675 646 675;info@wantdesire.com;http://wantdesire.com/;;;;;;http://wantdesire.com/
Zona Alta;AVV Magisteri Zona Alta;Acromat Solucions Tècniques;;973 26 05 80;;http://www.acromat.cat/es/;;https://www.facebook.com/pages/Acromat/275309782584100?ref=hl;https://twitter.com/AcromatLleida;http://www.linkedin.com/company/acromat-s-t-serveis-s-l-;;
Zona Alta;AVV Universitat-Zona Alta;Anadón Clínica Veterinària;;973 26 63 88;;http://www.anadonvet.com;;;;;;
Zona Alta;AVV Magisteri Zona Alta;Arroyo Floristeria;;97324 44 43;;http://www.arroyofloristeria.com/es;;;;;;
Zona Alta;AVV Magisteri Zona Alta;Assumpcio Bernaus SL;;973 28 23 66;;;;;;https://plus.google.com/102773338267356402992/about?gl=es&hl=en;;
Zona Alta;AVV Universitat-Zona Alta;AYMERICH & ASSOCIATS, SCCL;;973 28 13 11;;;;;;https://plus.google.com/115813030897713796765/about?gl=es&hl=en;;
Zona Alta;;B&I Moda per Ell i Ella;;93270612;;;;https://www.facebook.com/pages/BI/498880406816632;https://twitter.com/bi_balmes;;;
Zona Alta;AVV Magisteri Zona Alta;Barranco Joiers;;973044301;fernandobarrancojoiers@gmail.com;http://www.barrancojoiers.com/;;;;;;
Zona Alta;AVV Magisteri Zona Alta;Calçats Espuña;;973 23 79 82;jordi@sabateriaespunya.com;http://www.zapateriaslleida.com/;;https://www.facebook.com/pages/Cal%C3%A7ats-Espu%C3%B1a/226370764176485?fref=ts;;;https://plus.google.com/109215793231968134549/about;
Zona Alta;AVV Magisteri Zona Alta;Calçats Ruano;;973268636;;;;https://www.facebook.com/Cal%C3%A7ats-Ruano-1448785152112811/?fref=ts;https://twitter.com/CalzadosRuano;;;
Zona Alta;AVV Magisteri Zona Alta;Cansaladeries Carner - Balmes;;973 231 536;info@carner.cat;http://carner.cat/ca/;;https://www.facebook.com/cansaladeriescarner;;;;
Zona Alta;AVV Universitat-Zona Alta;Cantonada 6 - Simó;Roser Cervera;973230374;cantonada6simo@gmail.com;;http://www.lleida360.com/2013/02/cantonada-6.html;https://www.facebook.com/pages/Cantonada-6-Sim%C3%B3/343893975635494;;;;
Zona Alta;AVV Magisteri Zona Alta;Carnisseria Maria Begué ;Celia Capdevila Begué;973 22 29 26;info@mariabegue.com;http://www.mariabegue.com/;http://www.lleida360.com/2013/02/carnisseria-maria-beguer.html;;;;;
Zona Alta;;Chic Republic ;;973 22 06 52;info@chicrepublic.es;http://chicrepublic.es;;;;http://instagram.com/chicrepublicshoes;;
Zona Alta;AVV Magisteri Zona Alta;Cicles Simó;;973 23 19 24;;;;;;https://plus.google.com/107560629697011593005/about?gl=es&hl=es;;
Zona Alta;AVV Blocs Joan Carles;Cimadevilla Fotògrafs;;973 26 99 10;cimadevillafotografs@gmail.com;;;https://www.facebook.com/pages/Cimadevilla-Fot%C3%B2grafs/539178249461704;;;;
Zona Alta;AVV Magisteri Zona Alta;Clinica Bucodental;;973 22 30 00;info@bucodent.com;http://bucodent.com/;;https://www.facebook.com/clinica.bucodentallleida;;;;
Zona Alta;AVV Magisteri Zona Alta;Debabeda by Dolors;;973 72 57 95;;;;;;;https://plus.google.com/111333982073365246669/posts;
Zona Alta;AVV Magisteri Zona Alta;Díes Lleida;;973 254 933;;http://dieslleidaoutlet.com/es/;;https://www.facebook.com/pages/D%C3%ADes-Lleida/334181859930113;;;;
Zona Alta;AVV Magisteri Zona Alta;Duch;Juan Ramon ;973 24 91 45;duch@duchlleida.com;http://www.duchlleida.com/;http://www.lleida360.com/2013/02/duch.html;;;;;
Zona Alta;AVV Universitat-Zona Alta;El Magatzem del Perruquer;;973 26 97 71;;http://www.magatzemdelperruquer.com/;;;;;;
Zona Alta;AVV Magisteri Zona Alta;English Study Centre;;973 27 09 09;info@englishstudycentre.es;http://www.englishstudycentre.es/;;https://www.facebook.com/ESC.Lleida;;;;
Zona Alta;AVV Universitat-Zona Alta;Factory Data S.L.;;973 72 50 27;ventas@factorydata.com;http://www.factorydata.com/;;;;https://plus.google.com/115118672234480349936/about?hl=en;;
Zona Alta;;Fantasia;;973 248 566;;http://http://www.fantasiaworld.es;;;;;;
Zona Alta;AVV Magisteri Zona Alta;Farmacia Anadon;;973.231.664;;;;https://www.facebook.com/farmacia.anadon;;https://foursquare.com/v/farmacia-anadon/50f43999e4b077d65be623a6;;
Zona Alta;AVV Magisteri Zona Alta;Federoptics Bellera;Josep Bellera Guiu;973 27 45 45;contacta@belleraoptica.com;http://www.belleraoptica.com;http://www.lleida360.com/2013/02/bonic-pati-inspirat-per-colors-de.html;https://www.facebook.com/bellera.optica;https://twitter.com/BelleraOptica;;;
Zona Alta;AVV Magisteri Zona Alta;Fina Guiseris  Perruqueria;;973 26 73 41;;;;https://ca-es.facebook.com/pages/Fina-Guiseris-Perruqueria/186707434735266;;;;
Zona Alta;AVV Camp d'Esports;Gimnàs EKKE;;902 110 522;info@ekke.es;http://www.ekke.cat/;;https://www.facebook.com/ekke.gentekke?fref=ts;https://twitter.com/ekkerunning;;;
Zona Alta;AVV Universitat-Zona Alta;GREEN ENERGY ENVIRONMENTAL SOLUTIONS S.L.;;616603195;victor.gamez@boxesconsulting.com;http://www.greenenergysl.com;;https://www.facebook.com/greenenergysl;https://twitter.com/GreenEnergySL;;;
Zona Alta;AVV Universitat-Zona Alta;Grup d'art Escola - Galeria Terraferma;;973 27 25 88;;http://www.grup-escola.com/;;;https://twitter.com/GrupoArteEscola;http://www.youtube.com/user/GrupodeArteEscola;;
Zona Alta;AVV Magisteri Zona Alta;Ilerna - Les Heures;;973 72 78 78;;http://www.ilerna.com/;;;;;;
Zona Alta;AVV Magisteri Zona Alta;Imaginarium;;973 22 09 41;;http://www.imaginarium.es/;;;;;;
Zona Alta;AVV Magisteri Zona Alta;Inlingua;;973 24 07 16;lleida@inlingua.es;http://www.inlingua.es/Lleida/;;https://www.facebook.com/inlingua.lleida;;;;
Zona Alta;AVV Magisteri Zona Alta;Jar Toys Joguines;;973 28 80 02;;http://www.juguetesmarrades.com;;;;;;
Zona Alta;AVV Universitat-Zona Alta;Jean Louis David;;973 260 114;;http://www.jeanlouisdavid.com.es/;;https://www.facebook.com/jeanlouisdavid.lleida;;;;
Zona Alta;AVV Magisteri Zona Alta;Joieria Torres;;973 22 36 05;;;http://www.lleida360.com/2013/02/joieria-torres.html;;;;;
Zona Alta;;Juclà;;973 24 05 21;;http://www.juclamoda.com/;;;;;;
Zona Alta;AVV Comerciants del Centre Històric;La Primavera;;973 24 97 29 ;laprimavera@laprimavera.es;http://www.laprimavera.es/;;https://www.facebook.com/laprimaveraperfumeries;;;;
Zona Alta;AVV Magisteri Zona Alta;L'ARcada;;;contacte@larcada.net;http://larcada.net/;;;;;;
Zona Alta;AVV Magisteri Zona Alta;Lasserre;;973 24 81 63;;;;;;https://plus.google.com/110645586056096663462/about?gl=es&hl=en;;
Zona Alta;AVV Universitat-Zona Alta;LED TECH Iberica;;973 28 81 35;info@ledtechiberica.com;http://www.ledtechiberica.com/;;https://www.facebook.com/LED.TECH.Iberica;https://twitter.com/LEDTECHIberica;http://www.linkedin.com/company/led-tech-ib-rica-s-l-?trk=hb_tab_compy_id_2870872;;
Zona Alta;AVV Magisteri Zona Alta;Lenceria Xabel.la;;973 26 63 88;xabel_la@hotmail.com;http://www.lenceriaxabela.com/;;https://www.facebook.com/pages/Lencer%C3%ADa-xabel-la/221328244679277;;;;
Zona Alta;AVV Magisteri Zona Alta;L'Espardenya;;973 26 21 75;;;;https://www.facebook.com/botiga.lespardenya;;https://plus.google.com/112678353189826780185/about?gl=es&hl=en;;
Zona Alta;AVV Magisteri Zona Alta;Lis Corseteria;;973 23 52 27;;;;;;https://plus.google.com/110632222499639390721/about?gl=es&hl=en;;
Zona Alta;AVV Jaume I el Conqueridor;Llibreria Mariana;;973268100;;http://www.llibreriamariana.com/;;;;;;
Zona Alta;AVV Universitat-Zona Alta;Local Look S.L.;;973 26 99 66;;;;;;https://plus.google.com/111885394215507684360/about?gl=es&hl=en;;
Zona Alta;AVV Magisteri Zona Alta;L'Orfebre Joiers;;;;;;https://www.facebook.com/joyerialorfebre.tena;;https://plus.google.com/106232057042358023767/posts;;
Zona Alta;AVV Jaume I el Conqueridor;Loterias y Apuestas del Estado Administración nº 6;;973270612;info@loteria6.com;http://www.loteria6.com/;;;;;;
Zona Alta;AVV Universitat-Zona Alta;Luxury;;973 26 04 34;;;;;;https://plus.google.com/110511821255103988310/about?gl=es&hl=en;;
Zona Alta;AVV Magisteri Zona Alta;Marta Anthia Boutique;Marta Melé;973 249 586;info@mele.cat;http://www.mele.cat;;;;;;
Zona Alta;AVV Magisteri Zona Alta;Mimos Ropa Infantil;;973 98 08 87;;http://www.mimosrobainfantil.com/;;https://www.facebook.com/MimosRobaInfantil;;https://plus.google.com/104391773606295363917/posts;;
Zona Alta;AVV Magisteri Zona Alta;Multopticas Lux;;973221781;;http://www.multiopticas.com/;;;;;;
Zona Alta;AVV Magisteri Zona Alta;Nekane;;973 24 74 49;;;;;;https://plus.google.com/113393708045873599123/about?hl=en;;
Zona Alta;AVV Magisteri Zona Alta;New Zealand Auckland ;;973 245 921;;http://www.nzanewzealand.com/;;https://www.facebook.com/pages/New-Zealand-Auckland-Lleida/122715114569557;;;;
Zona Alta;AVV Universitat-Zona Alta;Nou Olympus;;;;http://www.nouolympus.com/;;https://www.facebook.com/nouolympus.olympus;;;;
Zona Alta;AVV Magisteri Zona Alta;Opticarlos;;973 23 99 38;;;;;;https://plus.google.com/108338423484778083741/about?gl=es&hl=en;;
Zona Alta;AVV Clot de les Granotes;Ortopèdia Rubio (H. Torres);;973 248 091;;http://www.ortopediarubio.com;;;;;;
Zona Alta;AVV Magisteri Zona Alta;Ortopèdia Rubio (Riba);;973 24 95 58 // fax: 973 23 63 01;;http://www.ortopediarubio.com;;;;;;
Zona Alta;AVV Universitat-Zona Alta;Perruqueria et pentinem ;;973 28 00 04;;;;;;https://plus.google.com/106995014680789571413/about?gl=es&hl=en;;
Zona Alta;AVV Magisteri Zona Alta;Perruqueria Morènico;;973 27 04 26;masquesocias@gmail.com;;http://www.lleida360.com/2013/02/perruqueria-raffel-pages.html;;;;;
Zona Alta;AVV Universitat-Zona Alta;Personal Estudi Interiors;;973238432;personal@personalestudi.com;http://www.personalestudi.com/;;;;;;
Zona Alta;AVV Magisteri Zona Alta;Pinocchio;;973 28 27 34;;http://www.rebels.es/;;https://www.facebook.com/pages/Pinocchio-LLeida/1072855196187523;;;;
Zona Alta;AVV Magisteri Zona Alta;Pitusa Boutique;;973 23 35 45;;;;;;https://plus.google.com/114094956778726911039/about?gl=es&hl=en;;
Zona Alta;AVV Universitat-Zona Alta;Prats Advocats;;973 240 564;info@pratsadvocats.com;http://www.pratsadvocats.com/;;https://www.facebook.com/pages/Prats-Advocats/182145268479843;;;;
Zona Alta;AVV Universitat-Zona Alta;Puericultura Font;;973 265 111;info@fontweb.cat;http://www.fontweb.cat;;;;;;
Zona Alta;AVV Universitat-Zona Alta;QB INFORMÀTICA LLEIDA;;973 26 81 96;info@qbinformatica.net;http://www.qbinformatica.net/;;https://www.facebook.com/pages/QB-Informatica-Lleida/322485141178014;;https://plus.google.com/106760489216816739332/about?gl=es&hl=en;;
Zona Alta;AVV Universitat-Zona Alta;Ràdio UA1;;973 27 52 95;;http://www.ua1.cat/;;https://www.facebook.com/ua1.cat;https://twitter.com/Ua1FM;;;
Zona Alta;;Rafa Cebado;;973 22 83 79;cebadolleida2@gmail.com;http://www.cebado.es/;;;;;;
Zona Alta;AVV Magisteri Zona Alta;Riu Joiers;;973 23 97 79;info@riujoiers.com;http://www.riujoiers.com/;;;;;;
Zona Alta;AVV Magisteri Zona Alta;Rodamilans;;973 23 15 33;;http://www.valisa.com/;;;;;;
Zona Alta;AVV Magisteri Zona Alta;S de Alma;;973 27 42 99;;;;https://www.facebook.com/sdealma;;;;
Zona Alta;AVV Magisteri Zona Alta;Scacco Matto;; 973 23 08 08;missbyscacco@gmail.com;http://missbyscacco.blogspot.com.es/;;;;;;
Zona Alta;AVV Magisteri Zona Alta;Sitgetana;; 973 26 78 22;;http://www.sitgetana.com/;;https://www.facebook.com/sitgetana;;;;
Zona Alta;AVV Magisteri Zona Alta;Takumi Sushi Shop;;973 238 027;;http://www.takumi-sushi.com/;;https://www.facebook.com/TakumiSushiShop;;;;
Zona Alta;AVV Universitat-Zona Alta;Taleia Modelisme SL;;973 26 30 09;;;;;;https://plus.google.com/104588847848644381819/about?gl=es&hl=en;;
Zona Alta;AVV Universitat-Zona Alta;Tarros Pintures i Decoració;;973 23 53 31;;http://www.decoraciotarros.es/;;;;;;
Zona Alta;AVV Magisteri Zona Alta;Telyco;;973 72 55 66;;;;;;https://plus.google.com/118258929586412654143/about?gl=es&hl=en;;
Zona Alta;AVV Magisteri Zona Alta;Thais Selecció;;973 23 96 96;;http://thaisseleccio.com/;;https://www.facebook.com/pages/Thais-Selecci%C3%B3/278987092203364;;;;
Zona Alta;;Tintorería la Percha;;973 26 91 33;;;;;;https://plus.google.com/117716373762826548387/about?gl=es&hl=en;;
Zona Alta;AVV Universitat-Zona Alta;Top Impressió;;973 264 763;info@topimpressio.cat ;http://www.topimpressio.cat/;;https://www.facebook.com/pages/TOP-IMPRESSI%C3%93/155176784551731?fref=ts ;;;;
Zona Alta;AVV Universitat-Zona Alta;Torrent;Ramon Torrent Ribes, Jose Antonio Torrent Ribes;973 282 055 | 679 199 124;torrent@torrentlleida.com;http://www.torrentlleida.com/;;;;;;
Zona Alta;AVV Magisteri Zona Alta;Tous Joieria;;973 247 930;tousrroure@tous.es;http://www.tous.com/es-es/;;https://www.facebook.com/tousjewelry;https://twitter.com/tousjewelry;http://www.youtube.com/tousjewelry;;
Zona Alta;AVV Magisteri Zona Alta;Tugues ;;973 24 87 66;;http://www.tugues.com/;;;;;;
Zona Alta;;Ullera Total SL;;973 22 05 98;;;;;;https://plus.google.com/109994369785467416852/about?gl=es&hl=en;;
Zona Alta;;Viatges Folguera;;973 23 82 05;;http://viatgesfolguera.over.es;;;;https://plus.google.com/115531111139689948053/about?hl=en;;
Zona Alta;AVV Magisteri Zona Alta;Viatges Tejedor;;973 22 98 90;;http://www.viajestejedor.com/;;;;;;
Zona Alta;;Vipac Decoracio SL;;973 28 95 95;;;;;;https://plus.google.com/117876888855315880212/about?gl=es&hl=en;;
Zona Alta;AVV Magisteri Zona Alta;Zazurca Servei Técnic;;973 23 28 32;;;;;;https://plus.google.com/103872908951454762589/about?gl=es&hl=en;;
Zona Alta;AVV Magisteri Zona Alta;Ziving;Ramon Xam-mar;973 72 51 11 ;recepcion@xam-mar.com;http://www.ziving.com/;http://www.lleida360.com/2013/03/ziving.html;https://www.facebook.com/ziving;https://twitter.com/ziving;;;
